component,j,N,sha256
L1OCd,0,1023,c39d2e54451863ac4f2a196739b982f09b74eb1fb2a1614f046899f09dc6e2c2
L1OCd,1,1023,48a1077eaecff00ad8e30008a5e9214bd2138c2036eef3f67e081757609c25a8
L1OCd,2,1023,128801299d30868e3022dd7ad9b992de060b4521d66924e5f91291b58074053a
L1OCd,3,1023,215e5a6dcdcb46cdf6eebb466559af89d6506671fe68a8570873f76938a9fda8
L1OCd,4,1023,2dc5c2565d58746ec05613bfc931c1850b006e9e298d46a812865cafb12f1042
L1OCd,5,1023,baa4098bf16443a73b5f83934515d3792bf1a7022507ae94a6b8520f54b9b2f2
L1OCd,6,1023,fd985558a7e61a48131ddfd8967187651d8b24238e15e8c33936c0e9898dbc6c
L1OCd,7,1023,d51fc1d8be1622d1bc8291739eeea9b0281f450ed869c78b0f4b5470612b3700
L1OCd,8,1023,e384e016fbcff74940e4ec2f755042babfd7837c497afd1d595141197fe82e09
L1OCd,9,1023,1afb19ede06a2e895e0250a9a251f9f9f142f662d53839e40d33439230ef3c45
L1OCd,10,1023,71e2d679264cc92fcff0c8dc6d2dad49aa84c16a14f8b9e9836091934eb3e21e
L1OCd,11,1023,abcf46dbaa3b5adb898d808ccb522103d5670dd639f1250455de60322702097e
L1OCd,12,1023,70909b483cf8e503923734ae0ae347316f1a79e3d59ddc07da50b12bd47d4416
L1OCd,13,1023,a90bdcdfdc0bf2e967609d07166851ac0f3302552fb20af70cb642f555324dd3
L1OCd,14,1023,fdf95e77483819f1bfd16cebc8ff1271dc80dd6759585f5ef3821350ad772f4d
L1OCd,15,1023,46c9a498e9e38becc473c075ac96a4befaa4b8558e711c192b60a9f4c6e6931c
L1OCd,16,1023,71b495f3726c0d5d42329cd15ef1ec68d534a3d2b583413efb7fac4bf97032cd
L1OCd,17,1023,b13b733a609830e36ace201177018a11261370eee864fa0da6b0fdb59382c871
L1OCd,18,1023,c706cf215640a24322bfc4514b0a42908d219e1486922f7914df0b8757159cc9
L1OCd,19,1023,f6cc00af12056f42e990328adf4c5be3edf6df28798a0795e240bc31e3f50dca
L1OCd,20,1023,036b275115c8f8df7a152918e46706baef0bb1b8e58c6db44a62e049b9cbfdb4
L1OCd,21,1023,d086c1be28753b1485977e1c09f32e9a987a6f5a569a9dff7e828a918ce7aa8e
L1OCd,22,1023,128c91e51f5840456f3679c6b2e2f722f38d706e3cc7173152837d9e60ad344d
L1OCd,23,1023,568ea7a2ea98515806f05f41dc752e807dc27fa3d31e7ec3c59090e461cb7f7c
L1OCd,24,1023,b7956c0f698da6c9118ecdb9410b11eaee8d15a7fa553070ccb5b91566c6abd9
L1OCd,25,1023,e7f122b8e79b7908d59dabf12f2b3252d9fc2f5330a79e97142b329eaec5d137
L1OCd,26,1023,910ff7065e9ffa46bcc4921caf451fb639e0cae88535fb5cf97e80cc63d27e4b
L1OCd,27,1023,d554ef1b4a3588ac28660226422e879c03cfcc76a7beb009751e32d8f90f087e
L1OCd,28,1023,7799ced51269d4ca2709634e145d55f468aec830e5761d0d248892041c28491f
L1OCd,29,1023,692dfdf3cba834ccf5b9bdd0c304a24cc41131dfd43b49aaf9f08154c029cac3
L1OCd,30,1023,2efbe3cc6fa9d175db2179bab87f8eab4584384373960195666beec1eb82b67f
L1OCd,31,1023,e7178bf6ffc6277cafdd1d75e42773907ca1cca4e912477c582268f1bf5202a4
L1OCd,32,1023,a7f7a55c000fabc7060a3f8ef28e1bffb9578c9d07b6876a7fb3666ad90ca602
L1OCd,33,1023,0dba56b6b7587f934925c6d96b69fef2174467b9968ddc02abfb9ae6f1945bbb
L1OCd,34,1023,e1c29d9d7e949b5d28649ea0709a7e3bb17537bd29a64cbe67e8e27b90f258ba
L1OCd,35,1023,6c11ecbc3f51f3b7b74ea4b3acc0b7b53b2629a2487bca9bcdaa4ec7a6e0f10c
L1OCd,36,1023,945f877430297b940edd845644fe9309aebf36f406c4f18abebab0f8846ae1af
L1OCd,37,1023,dd514b5bfe899202a2e9abb541757d5d94cf39e2f0ac4234c9553f22efc9be81
L1OCd,38,1023,70f3ce3e025dc71151a207415af3529f2b0711999acf463f88688f40058b4426
L1OCd,39,1023,89f68150b33fd99af7af9e6f6afa892dcd3e4afcfd20b9584d473622723c0698
L1OCd,40,1023,8cd517288d2448981e21f32b4e235cabdb07216e65d82fec3bcb07bfe7b60983
L1OCd,41,1023,656a12ce4d4201a90f799c23600e22b8ac815b500275cc59bc194c1b60291507
L1OCd,42,1023,7d7647e0c4f421866efa66f44aa4555c6154d4a9cb7564bf15a94dbf3be89839
L1OCd,43,1023,95ed8a22ea4c37178246e6fd468bcc07452c463d49f927efc57488ed418e2e3b
L1OCd,44,1023,7b0bd1efc2f377b7f0d087fd7c2814d16a561d57b054633c26d2d1cde413b677
L1OCd,45,1023,e35ea410e3290d8da7866b3d54b276b57c37a9b97698487af52c72c8eec5c4ab
L1OCd,46,1023,0f8a6260481d773b3a48e276520e44e4af17d4b6820b65369ff886474a81f9f4
L1OCd,47,1023,2abea6ec39b3a900f086c4ef9fcff194cf1e19887b6b52eacf3daaabc6193ca9
L1OCd,48,1023,7e75bcb863d8c96a6bb3c3497ea4dcbc1636e33f89c2b010d93eec1203ae7fd9
L1OCd,49,1023,8f204aa42ee0110db7540f5fea897b4476c16af7a5ef3b810474272e38600574
L1OCd,50,1023,785a3cad3f7299dfc9542193e1a91de626a662bf7e205c3bc213a8164676468e
L1OCd,51,1023,daca329a5b0213603a1b87cd18e826c09da03d3c55143800db9f2a3111b65b08
L1OCd,52,1023,efa6dbd30e2e53c3262be1cff5195027be7c50329ce3237c5017776ec613d5d8
L1OCd,53,1023,e9e5d510dd5b6a7011d4be528ea52fe6ad638c3fa78f35a2a66bda870a5646ca
L1OCd,54,1023,d9963b472a422750377e2acc6bf65c5f139c00666bf492bc943fdb52440307d6
L1OCd,55,1023,fd92c9adf68fe0a01ad5ba1f419cc920adc8cdc2312b5866062dc47b9cec302e
L1OCd,56,1023,a5f39ff165ddd9f56d82f8e7fa9ee1c7f5dde136949e413e2122915fa87b6c1f
L1OCd,57,1023,54e08a7677d333c127dc409125c3532af65b0206f5811075f77bb6515399c060
L1OCd,58,1023,b9c3566125a7a3410006977327a1e8af863196f05f446a1212c5880758376a86
L1OCd,59,1023,fdc3978d0dce056486fb4265ed288978a03da85aa7ba8d0b858e22616f60f40e
L1OCd,60,1023,31ad1707bd0cdefbc30bc6440b2035ef23351185e2c419af299c1253ec4e4d0c
L1OCd,61,1023,f0fa58265b85c70457fbea274163b82a5ed3e8937b2b90ef82130cb8a67fd34c
L1OCd,62,1023,6eab42286d620d7aa02b40a7e1b0435991e13f223d6561dfe3f29b97a91e47a5
L1OCd,63,1023,f22e051842e8e823f52c39a6d1b828dcdea3aab9a2423acdb6a7edc0f4500873
L1OCp,0,4092,1eaf82ed3b257e84317fa9f3e4fb4aa868f10adaedf29ddde1e5b0135587c6e7
L1OCp,1,4092,212e192cdbd6b0d32e5ae4c891e2598fae26e19d048d6a6e692470dd56d42688
L1OCp,2,4092,c8e33cf064b5e59032ac1feffcaff74a7befa41bdac130d4b89fe4dbdb45fce6
L1OCp,3,4092,48a5f25497e7175e79db8fd5dfb9e47406caa3ffd5feb0a8248bc33f7cf77ce4
L1OCp,4,4092,e9aeb937df1dca1daec8833f9bb56598e882996f095f3d845f24cacc5417b5c5
L1OCp,5,4092,6a6eebd2f86af807d25fc45eaac7d38204b9b127f692862e1fdedd720e1f393b
L1OCp,6,4092,052eb9959db43e7d333c819622b8d1d1011883f610775bb0e1377652f2cea0d9
L1OCp,7,4092,3e89a323b593b7c02486cc036ade5af8d7466c9277733fbc62d4937a127523c7
L1OCp,8,4092,b658df4e245c9891bd0308d503f64f058a7fede6429ba2221bc41fa09410910c
L1OCp,9,4092,32dc4154890e0942cec3b6666454e096d076f5f30dc0a65a92bae4127f4782c7
L1OCp,10,4092,81ca89d50c942f6e436464f49b2e6a9824f8c703b626f885634a84c78a927c63
L1OCp,11,4092,eb43293658275ef4fcac6b11fb2e0ace2252f85fe44eef528fa4fe7f55ec3878
L1OCp,12,4092,78b816812a246c8a49513438f57c7a10dd656ddc99a8c8d620343edac95bd8d8
L1OCp,13,4092,31c9368014efa36869903c9b8ed8ec563c39218fba16b44d3c39426257dec232
L1OCp,14,4092,35d0b623ea0c37024e1acf909edfc163c5dba6b5f8075d344dda4cadbf4f3fe6
L1OCp,15,4092,fa57669b8677ae9407bc087d3980f7390a0e69dac8500c07a16754e9b888aba5
L1OCp,16,4092,17927a1539d4ee6747b78e340607ec885c50e68f1eeac42420e6ffb7f4d8c055
L1OCp,17,4092,df6f7f198beede199c79fce35e5f3e53d3f4b5b22f7527fbea4242f70feb1339
L1OCp,18,4092,7d1cde89eb06974a1208f173ff2921e85681ffa2607fa218aacdfd9f8d1d70fc
L1OCp,19,4092,6bf55b8e48d4ca8199a1c44ba62785046a0e6aad7cee97ee3933cb7728e39cb4
L1OCp,20,4092,95e38f72ab6e912507a9b2d1c4a7f556a03d0a2accc43803a7557e33fc3b7fe5
L1OCp,21,4092,ff07ab1638f7032e2d1df0457cdfb403e68dc30958a483c7076dba54d043685b
L1OCp,22,4092,b6792b881ce257c5edbf916a891978ef027d4f37e4857eb6a3ca61c71142fa61
L1OCp,23,4092,a0ab1313a10d4243e6fd3df9b5fcf3139e825fce4c8cceac8db24e89efd759ef
L1OCp,24,4092,7809e4a4c800d2ece015eaf1de8f1603696a0e5b584dd1a80dc3f7d1e97c1c1f
L1OCp,25,4092,b55a31b27b2f8358ead77da7a56d8e23b5ea1655c30f9e8359de8dea99e44978
L1OCp,26,4092,7e1da36fa689f0c18ac3791b14b0d118a068b6de70a6e77c314177508dcab44a
L1OCp,27,4092,10e91298a95d0a7160ff379edd52dc82b986c79f67bf7d60dc12127c93a0c52e
L1OCp,28,4092,1265566221a200f14ca448ee4888bf41298e7c799efe915090e8668888d183f1
L1OCp,29,4092,1e7a20586b9dcda9e09fbf652a23ae8e107cbb1ad677c07a4395dbc54d8c422c
L1OCp,30,4092,f58cfd86230b56c61da9a9f40db301715d95b7c8fc5714eda3064bd14254cae9
L1OCp,31,4092,e9fd17d434dd0eba56256446532f7a380275978cb0411e6cd7d53fa4804a6033
L1OCp,32,4092,aeb13cd11640ed6fcd4ca54c3c8ede43ba2d59287661297a657778c25ce600a1
L1OCp,33,4092,24545b2f88e63c218893b7555a2eb7260edce7a7e6e42227e4d5cc7ae2c5dd84
L1OCp,34,4092,aba854cb71a6b2974fe9a32059f04fb8950726b8fc89452ec491223f3aab78bc
L1OCp,35,4092,31fcf49c67c50a65c204befdc3c53df67257f51579f464e39b1d01f216fc6188
L1OCp,36,4092,7696d9fcaf97e785de8443118b9ab8cf9ec325e871a1648cf6b045661761be61
L1OCp,37,4092,48651b9289d612c6b44759e1fa9be7b65ebf44cd306813f1a06f3c83bd131b3c
L1OCp,38,4092,172781eb9587ca9e99aaebc0888a5c43b027dd67d478115f9599cfd8ead9be90
L1OCp,39,4092,d38abdc4b6ef31f980f1f6ba9f9fa25039c2e100cecc3ef6308d2daa00b3b7a7
L1OCp,40,4092,a52a98520b2976579e97745c14d9c2d362ce82a461304aad1a4953ab8fe5c7f1
L1OCp,41,4092,546a53507cc77ee06e0c4c14688942eb7669b069edd3e571cd34044773866bca
L1OCp,42,4092,f526bf0f8618a416598e347b63166db62e3b1c4b397bd69eaa2a2b262db0f7de
L1OCp,43,4092,8590d1093a380382a30f772d365516007b4bb47e9a163a21db85b374f08be292
L1OCp,44,4092,fb6c70ccd6625fc7ac71684dbe991aa97559932c82c7f0d9cd93855c8faa6510
L1OCp,45,4092,6519120362e5d5ceaa7a857ff1e7c74df36a96640c29cd34f7e5b7b0716341c8
L1OCp,46,4092,6012775f1d12a044bbcd8614941254edccd7b607a5fb49e6f2ab26ad51982108
L1OCp,47,4092,880e3b0f71f7f1f738b263588b376ea66123fead27c82b70d3a70dc07e784475
L1OCp,48,4092,c291dfb49f6ed3a47db5d480545eb7ebfadfc37ece14e366eb1e7ae1c5986e59
L1OCp,49,4092,5f335a8568df62f58c2ddf9b5fe7d6cd0e5597f1dde0f4bcd1348161cb196bde
L1OCp,50,4092,5917b4f0d0f1b9cdf00b073d2fc4d9e53c9d33206b92df3f46b6b87591dea64d
L1OCp,51,4092,d0dad11ef057d7ee783f7744b8158b48508177c3422b97791458973225ec9576
L1OCp,52,4092,f4e4c88a7cbeca8fefe9a75d05ea8e404e896129dd5e17f6fe43895be144d097
L1OCp,53,4092,189295b588cff3af86156902fde34a1d4e98651cc02954d45504369518fab1d7
L1OCp,54,4092,e0f403fca6e489fca92263b649a0ad8d394af392c068b888332dae79ad798d11
L1OCp,55,4092,45cf4c172fd8c501fcdc7b4059977f6853e04e4d1f03b501af1228c41a9c90f8
L1OCp,56,4092,a837e231ee214d469927d1ead081d060826dae5e92ee1080b278ec7f9374d4fd
L1OCp,57,4092,26b557c62555ebe14a825fbb23f09b150aaacdfe737e51e745de2e31673058ac
L1OCp,58,4092,1da0bc523f64662ceb8598949aeefd3ab0b4e95cb095482678f9e3f461dedf34
L1OCp,59,4092,33aa2d21a1347b8b04e24c7eb1680065dfbde4264f6189f27d6b98237d2c8eef
L1OCp,60,4092,4a61f5a70d1a6a47a892ebf14a328492f12b6575664cb921e298df329064fdfb
L1OCp,61,4092,5db581b572a67cf21ea18584fbb0ead2b675acf7efbb8169bf5e5e319d80276f
L1OCp,62,4092,9915e154d9d5d329bfdb6055565cc7a90d80b483e4b7895af1a97d8d6e2ff720
L1OCp,63,4092,348a9c8ef7e07dd21c4ccbc7b451ad4fce12f261d24369ef8248f3f21a27f480
